landmark_0_x,landmark_0_y,landmark_0_z,landmark_1_x,landmark_1_y,landmark_1_z,landmark_2_x,landmark_2_y,landmark_2_z,landmark_3_x,landmark_3_y,landmark_3_z,landmark_4_x,landmark_4_y,landmark_4_z,landmark_5_x,landmark_5_y,landmark_5_z,landmark_6_x,landmark_6_y,landmark_6_z,landmark_7_x,landmark_7_y,landmark_7_z,landmark_8_x,landmark_8_y,landmark_8_z,landmark_9_x,landmark_9_y,landmark_9_z,landmark_10_x,landmark_10_y,landmark_10_z,landmark_11_x,landmark_11_y,landmark_11_z,landmark_12_x,landmark_12_y,landmark_12_z,landmark_13_x,landmark_13_y,landmark_13_z,landmark_14_x,landmark_14_y,landmark_14_z,landmark_15_x,landmark_15_y,landmark_15_z,landmark_16_x,landmark_16_y,landmark_16_z,landmark_17_x,landmark_17_y,landmark_17_z,landmark_18_x,landmark_18_y,landmark_18_z,landmark_19_x,landmark_19_y,landmark_19_z,landmark_20_x,landmark_20_y,landmark_20_z,label
0.6730454564094543,0.8785991668701172,-5.526951785128631e-09,0.643060564994812,0.7689573168754578,0.011793254874646664,0.6070591807365417,0.6489362120628357,-0.012486085295677185,0.5719966888427734,0.5723350644111633,-0.04032125324010849,0.5395559072494507,0.5249578952789307,-0.06556940078735352,0.6548888683319092,0.5621887445449829,-0.05336713045835495,0.5806769132614136,0.49953794479370117,-0.0876469612121582,0.5361722707748413,0.4599922299385071,-0.10100235044956207,0.49972572922706604,0.42608845233917236,-0.10869550704956055,0.6621257066726685,0.6109686493873596,-0.08023516088724136,0.5460832118988037,0.6223140954971313,-0.10590944439172745,0.5541185736656189,0.6873141527175903,-0.08825914561748505,0.5806680917739868,0.7000993490219116,-0.07631786167621613,0.6558066606521606,0.6809538006782532,-0.10582558810710907,0.5475166440010071,0.6990669965744019,-0.1272973120212555,0.5623388290405273,0.7481032013893127,-0.09583954513072968,0.591907262802124,0.7508806586265564,-0.07567320019006729,0.6410548090934753,0.7532480359077454,-0.1318071037530899,0.5540065765380859,0.759504497051239,-0.14279545843601227,0.5640559196472168,0.7937248349189758,-0.12097877264022827,0.5896520018577576,0.7970880270004272,-0.10584702342748642,on
